step, x1, x2, y, f1, f2, Ax, Ay, Bx, By, C, 'time, s'
0, -0.167225, 0.167225, 0.207521, 2.032683, 2.032683, -0.353000, 0.300000, 0.353000, 0.300000, 1.178097, 0.380227
1, -0.167225, 0.167225, 0.207521, 2.032683, 2.032683, -0.353000, 0.299669, 0.353000, 0.299669, 1.178097, 0.401466
2, -0.167781, 0.167781, 0.207075, 2.034377, 2.034377, -0.353000, 0.299007, 0.353000, 0.299007, 1.178097, 0.431813
3, -0.168891, 0.168891, 0.206184, 2.037775, 2.037775, -0.353000, 0.298016, 0.353000, 0.298016, 1.178097, 0.421639
4, -0.170548, 0.170548, 0.204858, 2.042877, 2.042877, -0.353000, 0.296700, 0.353000, 0.296700, 1.178097, 0.374445
5, -0.172739, 0.172739, 0.203109, 2.049685, 2.049685, -0.353000, 0.295067, 0.353000, 0.295067, 1.178097, 0.385226
6, -0.175446, 0.175446, 0.200954, 2.058193, 2.058193, -0.353000, 0.293124, 0.353000, 0.293124, 1.178097, 0.378434
7, -0.178644, 0.178644, 0.198417, 2.068391, 2.068391, -0.353000, 0.290884, 0.353000, 0.290884, 1.178097, 0.376341
8, -0.182307, 0.182307, 0.195524, 2.080265, 2.080265, -0.353000, 0.288358, 0.353000, 0.288358, 1.178097, 0.390756
9, -0.186401, 0.186401, 0.192305, 2.093794, 2.093794, -0.353000, 0.285561, 0.353000, 0.285561, 1.178097, 0.453466
10, -0.190891, 0.190891, 0.188794, 2.108953, 2.108953, -0.353000, 0.282510, 0.353000, 0.282510, 1.178097, 0.500079
11, -0.195738, 0.195738, 0.185026, 2.125708, 2.125708, -0.353000, 0.279222, 0.353000, 0.279222, 1.178097, 0.434494
12, -0.200900, 0.200900, 0.181037, 2.144022, 2.144022, -0.353000, 0.275718, 0.353000, 0.275718, 1.178097, 0.459460
13, -0.206334, 0.206334, 0.176868, 2.163846, 2.163846, -0.353000, 0.272017, 0.353000, 0.272017, 1.178097, 0.456563
14, -0.211996, 0.211996, 0.172554, 2.185127, 2.185127, -0.353000, 0.268141, 0.353000, 0.268141, 1.178097, 0.475966
15, -0.217839, 0.217839, 0.168136, 2.207800, 2.207800, -0.353000, 0.264113, 0.353000, 0.264113, 1.178097, 0.491059
16, -0.223819, 0.223819, 0.163649, 2.231792, 2.231792, -0.353000, 0.259957, 0.353000, 0.259957, 1.178097, 0.495931
17, -0.229891, 0.229891, 0.159129, 2.257021, 2.257021, -0.353000, 0.255696, 0.353000, 0.255696, 1.178097, 0.482150
18, -0.236011, 0.236011, 0.154611, 2.283394, 2.283394, -0.353000, 0.251354, 0.353000, 0.251354, 1.178097, 0.442399
19, -0.242138, 0.242138, 0.150125, 2.310806, 2.310806, -0.353000, 0.246957, 0.353000, 0.246957, 1.178097, 0.417395
20, -0.248232, 0.248232, 0.145702, 2.339143, 2.339143, -0.353000, 0.242528, 0.353000, 0.242528, 1.178097, 0.385193
21, -0.254254, 0.254254, 0.141366, 2.368279, 2.368279, -0.353000, 0.238092, 0.353000, 0.238092, 1.178097, 0.397451
22, -0.260171, 0.260171, 0.137142, 2.398077, 2.398077, -0.353000, 0.233673, 0.353000, 0.233673, 1.178097, 0.422821
23, -0.265950, 0.265950, 0.133051, 2.428388, 2.428388, -0.353000, 0.229294, 0.353000, 0.229294, 1.178097, 0.421578
24, -0.271563, 0.271563, 0.129109, 2.459054, 2.459054, -0.353000, 0.224980, 0.353000, 0.224980, 1.178097, 0.421619
25, -0.276982, 0.276982, 0.125333, 2.489906, 2.489906, -0.353000, 0.220751, 0.353000, 0.220751, 1.178097, 0.460225
26, -0.282187, 0.282187, 0.121734, 2.520766, 2.520766, -0.353000, 0.216631, 0.353000, 0.216631, 1.178097, 0.390478
27, -0.287156, 0.287156, 0.118322, 2.551448, 2.551448, -0.353000, 0.212640, 0.353000, 0.212640, 1.178097, 0.423057
28, -0.291874, 0.291874, 0.115106, 2.581759, 2.581759, -0.353000, 0.208797, 0.353000, 0.208797, 1.178097, 0.384359
29, -0.296326, 0.296326, 0.112090, 2.611500, 2.611500, -0.353000, 0.205121, 0.353000, 0.205121, 1.178097, 0.409261
30, -0.300501, 0.300501, 0.109279, 2.640469, 2.640469, -0.353000, 0.201631, 0.353000, 0.201631, 1.178097, 0.408743
31, -0.304391, 0.304391, 0.106675, 2.668462, 2.668462, -0.353000, 0.198343, 0.353000, 0.198343, 1.178097, 0.423603
32, -0.307988, 0.307988, 0.104279, 2.695276, 2.695276, -0.353000, 0.195272, 0.353000, 0.195272, 1.178097, 0.427635
33, -0.311289, 0.311289, 0.102091, 2.720708, 2.720708, -0.353000, 0.192434, 0.353000, 0.192434, 1.178097, 0.437080
34, -0.314289, 0.314289, 0.100110, 2.744564, 2.744564, -0.353000, 0.189840, 0.353000, 0.189840, 1.178097, 0.418320
35, -0.316988, 0.316988, 0.098336, 2.766652, 2.766652, -0.353000, 0.187504, 0.353000, 0.187504, 1.178097, 0.430210
36, -0.319384, 0.319384, 0.096765, 2.786794, 2.786794, -0.353000, 0.185435, 0.353000, 0.185435, 1.178097, 0.419136
37, -0.321477, 0.321477, 0.095397, 2.804822, 2.804822, -0.353000, 0.183645, 0.353000, 0.183645, 1.178097, 0.441003
38, -0.323268, 0.323268, 0.094229, 2.820580, 2.820580, -0.353000, 0.182140, 0.353000, 0.182140, 1.178097, 0.443535
39, -0.324758, 0.324758, 0.093259, 2.833931, 2.833931, -0.353000, 0.180928, 0.353000, 0.180928, 1.178097, 0.430909
40, -0.325948, 0.325948, 0.092486, 2.844755, 2.844755, -0.353000, 0.180015, 0.353000, 0.180015, 1.178097, 0.403166
41, -0.326838, 0.326838, 0.091908, 2.852951, 2.852951, -0.353000, 0.179406, 0.353000, 0.179406, 1.178097, 0.383746
42, -0.327429, 0.327429, 0.091525, 2.858440, 2.858440, -0.353000, 0.179104, 0.353000, 0.179104, 1.178097, 0.412063
43, -0.327721, 0.327721, 0.091336, 2.861165, 2.861165, -0.353000, 0.179112, 0.353000, 0.179112, 1.178097, 0.409170
44, -0.327714, 0.327714, 0.091341, 2.861093, 2.861093, -0.353000, 0.179431, 0.353000, 0.179431, 1.178097, 0.399911
45, -0.327405, 0.327405, 0.091541, 2.858212, 2.858212, -0.353000, 0.180061, 0.353000, 0.180061, 1.178097, 0.389677
46, -0.326793, 0.326793, 0.091938, 2.852537, 2.852537, -0.353000, 0.181000, 0.353000, 0.181000, 1.178097, 0.389989
47, -0.325877, 0.325877, 0.092532, 2.844105, 2.844105, -0.353000, 0.182247, 0.353000, 0.182247, 1.178097, 0.397294
48, -0.324652, 0.324652, 0.093328, 2.832976, 2.832976, -0.353000, 0.183797, 0.353000, 0.183797, 1.178097, 0.393391
49, -0.323116, 0.323116, 0.094328, 2.819234, 2.819234, -0.353000, 0.185646, 0.353000, 0.185646, 1.178097, 0.375180
50, -0.321265, 0.321265, 0.095535, 2.802981, 2.802981, -0.353000, 0.187787, 0.353000, 0.187787, 1.178097, 0.378870
51, -0.319095, 0.319095, 0.096954, 2.784343, 2.784343, -0.353000, 0.190213, 0.353000, 0.190213, 1.178097, 0.430359
52, -0.316602, 0.316602, 0.098589, 2.763460, 2.763460, -0.353000, 0.192915, 0.353000, 0.192915, 1.178097, 0.480074
53, -0.313783, 0.313783, 0.100444, 2.740490, 2.740490, -0.353000, 0.195884, 0.353000, 0.195884, 1.178097, 0.482468
54, -0.310635, 0.310635, 0.102523, 2.715607, 2.715607, -0.353000, 0.199109, 0.353000, 0.199109, 1.178097, 0.474617
55, -0.307156, 0.307156, 0.104832, 2.688992, 2.688992, -0.353000, 0.202575, 0.353000, 0.202575, 1.178097, 0.498099
56, -0.303346, 0.303346, 0.107373, 2.660841, 2.660841, -0.353000, 0.206271, 0.353000, 0.206271, 1.178097, 0.475504
57, -0.299204, 0.299204, 0.110150, 2.631354, 2.631354, -0.353000, 0.210179, 0.353000, 0.210179, 1.178097, 0.490998
58, -0.294734, 0.294734, 0.113166, 2.600736, 2.600736, -0.353000, 0.214285, 0.353000, 0.214285, 1.178097, 0.457617
59, -0.289941, 0.289941, 0.116421, 2.569195, 2.569195, -0.353000, 0.218569, 0.353000, 0.218569, 1.178097, 0.485479
60, -0.284831, 0.284831, 0.119915, 2.536941, 2.536941, -0.353000, 0.223013, 0.353000, 0.223013, 1.178097, 0.484702
61, -0.279416, 0.279416, 0.123646, 2.504180, 2.504180, -0.353000, 0.227597, 0.353000, 0.227597, 1.178097, 0.434468
62, -0.273708, 0.273708, 0.127611, 2.471116, 2.471116, -0.353000, 0.232298, 0.353000, 0.232298, 1.178097, 0.426925
63, -0.267724, 0.267724, 0.131801, 2.437946, 2.437946, -0.353000, 0.237094, 0.353000, 0.237094, 1.178097, 0.412394
64, -0.261486, 0.261486, 0.136209, 2.404863, 2.404863, -0.353000, 0.241961, 0.353000, 0.241961, 1.178097, 0.386021
65, -0.255017, 0.255017, 0.140820, 2.372050, 2.372050, -0.353000, 0.246874, 0.353000, 0.246874, 1.178097, 0.385903
66, -0.248345, 0.248345, 0.145620, 2.339681, 2.339681, -0.353000, 0.251807, 0.353000, 0.251807, 1.178097, 0.395613
67, -0.241504, 0.241504, 0.150588, 2.307921, 2.307921, -0.353000, 0.256733, 0.353000, 0.256733, 1.178097, 0.404056
68, -0.234531, 0.234531, 0.155700, 2.276925, 2.276925, -0.353000, 0.261625, 0.353000, 0.261625, 1.178097, 0.417618
69, -0.227465, 0.227465, 0.160930, 2.246834, 2.246834, -0.353000, 0.266456, 0.353000, 0.266456, 1.178097, 0.393047
70, -0.220352, 0.220352, 0.166246, 2.217783, 2.217783, -0.353000, 0.271196, 0.353000, 0.271196, 1.178097, 0.388563
71, -0.213240, 0.213240, 0.171611, 2.189893, 2.189893, -0.353000, 0.275818, 0.353000, 0.275818, 1.178097, 0.399223
72, -0.206180, 0.206180, 0.176986, 2.163275, 2.163275, -0.353000, 0.280293, 0.353000, 0.280293, 1.178097, 0.408313
73, -0.199227, 0.199227, 0.182328, 2.138030, 2.138030, -0.353000, 0.284592, 0.353000, 0.284592, 1.178097, 0.376845
74, -0.192436, 0.192436, 0.187590, 2.114250, 2.114250, -0.353000, 0.288688, 0.353000, 0.288688, 1.178097, 0.388315
75, -0.185867, 0.185867, 0.192724, 2.092015, 2.092015, -0.353000, 0.292554, 0.353000, 0.292554, 1.178097, 0.429897
76, -0.179579, 0.179579, 0.197678, 2.071401, 2.071401, -0.353000, 0.296164, 0.353000, 0.296164, 1.178097, 0.415878
77, -0.173630, 0.173630, 0.202399, 2.052472, 2.052472, -0.353000, 0.299492, 0.353000, 0.299492, 1.178097, 0.412813
78, -0.168078, 0.168078, 0.206836, 2.035286, 2.035286, -0.353000, 0.302514, 0.353000, 0.302514, 1.178097, 0.402698
79, -0.162981, 0.162981, 0.210936, 2.019894, 2.019894, -0.353000, 0.305209, 0.353000, 0.305209, 1.178097, 0.425371
80, -0.158392, 0.158392, 0.214648, 2.006343, 2.006343, -0.353000, 0.307555, 0.353000, 0.307555, 1.178097, 0.416907
81, -0.154362, 0.154362, 0.217924, 1.994671, 1.994671, -0.353000, 0.309535, 0.353000, 0.309535, 1.178097, 0.408741
82, -0.150936, 0.150936, 0.220721, 1.984915, 1.984915, -0.353000, 0.311133, 0.353000, 0.311133, 1.178097, 0.415057
83, -0.148156, 0.148156, 0.222999, 1.977104, 1.977104, -0.353000, 0.312334, 0.353000, 0.312334, 1.178097, 0.418586
84, -0.146056, 0.146056, 0.224725, 1.971267, 1.971267, -0.353000, 0.313128, 0.353000, 0.313128, 1.178097, 0.416692
85, -0.144663, 0.144663, 0.225872, 1.967425, 1.967425, -0.353000, 0.313506, 0.353000, 0.313506, 1.178097, 0.392361
86, -0.143999, 0.143999, 0.226419, 1.965600, 1.965600, -0.353000, 0.313463, 0.353000, 0.313463, 1.178097, 0.402136
87, -0.144074, 0.144074, 0.226357, 1.965808, 1.965808, -0.353000, 0.312996, 0.353000, 0.312996, 1.178097, 0.394162
88, -0.144895, 0.144895, 0.225680, 1.968064, 1.968064, -0.353000, 0.312105, 0.353000, 0.312105, 1.178097, 0.399507
89, -0.146457, 0.146457, 0.224395, 1.972377, 1.972377, -0.353000, 0.310794, 0.353000, 0.310794, 1.178097, 0.382320
90, -0.148747, 0.148747, 0.222514, 1.978757, 1.978757, -0.353000, 0.309069, 0.353000, 0.309069, 1.178097, 0.390671
91, -0.151746, 0.151746, 0.220059, 1.987207, 1.987207, -0.353000, 0.306938, 0.353000, 0.306938, 1.178097, 0.387172
92, -0.155425, 0.155425, 0.217058, 1.997729, 1.997729, -0.353000, 0.304415, 0.353000, 0.304415, 1.178097, 0.392595
93, -0.159749, 0.159749, 0.213548, 2.010320, 2.010320, -0.353000, 0.301513, 0.353000, 0.301513, 1.178097, 0.385287
94, -0.164675, 0.164675, 0.209570, 2.024970, 2.024970, -0.353000, 0.298250, 0.353000, 0.298250, 1.178097, 0.389187
95, -0.170157, 0.170157, 0.205171, 2.041668, 2.041668, -0.353000, 0.294646, 0.353000, 0.294646, 1.178097, 0.398106
96, -0.176141, 0.176141, 0.200402, 2.060395, 2.060395, -0.353000, 0.290722, 0.353000, 0.290722, 1.178097, 0.425615
97, -0.182569, 0.182569, 0.195317, 2.081124, 2.081124, -0.353000, 0.286504, 0.353000, 0.286504, 1.178097, 0.403280
98, -0.189383, 0.189383, 0.189971, 2.103823, 2.103823, -0.353000, 0.282015, 0.353000, 0.282015, 1.178097, 0.394287
99, -0.196519, 0.196519, 0.184421, 2.128448, 2.128448, -0.353000, 0.277284, 0.353000, 0.277284, 1.178097, 0.403876
100, -0.203915, 0.203915, 0.178721, 2.154948, 2.154948, -0.353000, 0.272339, 0.353000, 0.272339, 1.178097, 0.415980
101, -0.211506, 0.211506, 0.172926, 2.183259, 2.183259, -0.353000, 0.267210, 0.353000, 0.267210, 1.178097, 0.420756
102, -0.219230, 0.219230, 0.167089, 2.213308, 2.213308, -0.353000, 0.261926, 0.353000, 0.261926, 1.178097, 0.428390
103, -0.227026, 0.227026, 0.161257, 2.245007, 2.245007, -0.353000, 0.256520, 0.353000, 0.256520, 1.178097, 0.403309
104, -0.234836, 0.234836, 0.155476, 2.278252, 2.278252, -0.353000, 0.251021, 0.353000, 0.251021, 1.178097, 0.402643
105, -0.242603, 0.242603, 0.149787, 2.312929, 2.312929, -0.353000, 0.245462, 0.353000, 0.245462, 1.178097, 0.404618
106, -0.250276, 0.250276, 0.144226, 2.348904, 2.348904, -0.353000, 0.239874, 0.353000, 0.239874, 1.178097, 0.407276
107, -0.257808, 0.257808, 0.138825, 2.386029, 2.386029, -0.353000, 0.234286, 0.353000, 0.234286, 1.178097, 0.400409
108, -0.265154, 0.265154, 0.133612, 2.424139, 2.424139, -0.353000, 0.228730, 0.353000, 0.228730, 1.178097, 0.409826
109, -0.272277, 0.272277, 0.128609, 2.463051, 2.463051, -0.353000, 0.223235, 0.353000, 0.223235, 1.178097, 0.404966
110, -0.279143, 0.279143, 0.123835, 2.502567, 2.502567, -0.353000, 0.217828, 0.353000, 0.217828, 1.178097, 0.478607
111, -0.285723, 0.285723, 0.119304, 2.542472, 2.542472, -0.353000, 0.212538, 0.353000, 0.212538, 1.178097, 0.461822
112, -0.291992, 0.291992, 0.115025, 2.582536, 2.582536, -0.353000, 0.207391, 0.353000, 0.207391, 1.178097, 0.487698
113, -0.297932, 0.297932, 0.111007, 2.622515, 2.622515, -0.353000, 0.202412, 0.353000, 0.202412, 1.178097, 0.475299
114, -0.303527, 0.303527, 0.107252, 2.662155, 2.662155, -0.353000, 0.197625, 0.353000, 0.197625, 1.178097, 0.524896
115, -0.308765, 0.308765, 0.103763, 2.701188, 2.701188, -0.353000, 0.193052, 0.353000, 0.193052, 1.178097, 0.511619
116, -0.313640, 0.313640, 0.100538, 2.739341, 2.739341, -0.353000, 0.188713, 0.353000, 0.188713, 1.178097, 0.500758
117, -0.318147, 0.318147, 0.097575, 2.776336, 2.776336, -0.353000, 0.184630, 0.353000, 0.184630, 1.178097, 0.488845
118, -0.322285, 0.322285, 0.094870, 2.811892, 2.811892, -0.353000, 0.180819, 0.353000, 0.180819, 1.178097, 0.511333
119, -0.326054, 0.326054, 0.092417, 2.845730, 2.845730, -0.353000, 0.177297, 0.353000, 0.177297, 1.178097, 0.479538
120, -0.329458, 0.329458, 0.090211, 2.877576, 2.877576, -0.353000, 0.174079, 0.353000, 0.174079, 1.178097, 0.493321
121, -0.332501, 0.332501, 0.088247, 2.907164, 2.907164, -0.353000, 0.171180, 0.353000, 0.171180, 1.178097, 0.495364
122, -0.335189, 0.335189, 0.086516, 2.934240, 2.934240, -0.353000, 0.168610, 0.353000, 0.168610, 1.178097, 0.484242
123, -0.337527, 0.337527, 0.085015, 2.958565, 2.958565, -0.353000, 0.166381, 0.353000, 0.166381, 1.178097, 0.479375
124, -0.339521, 0.339521, 0.083736, 2.979921, 2.979921, -0.353000, 0.164502, 0.353000, 0.164502, 1.178097, 0.529995
125, -0.341178, 0.341178, 0.082676, 2.998110, 2.998109, -0.353000, 0.162981, 0.353000, 0.162981, 1.178097, 0.486060
126, -0.342503, 0.342503, 0.081828, 3.012962, 3.012955, -0.353000, 0.161825, 0.353000, 0.161825, 1.178097, 0.534068
127, -0.343502, 0.343499, 0.081191, 3.024342, 3.024308, -0.353000, 0.161039, 0.353000, 0.161039, 1.178097, 0.493856
128, -0.344178, 0.344171, 0.080761, 3.032137, 3.032052, -0.353000, 0.160626, 0.353000, 0.160626, 1.178097, 0.471282
129, -0.344532, 0.344521, 0.080536, 3.036249, 3.036114, -0.353000, 0.160591, 0.353000, 0.160591, 1.178097, 0.510865
130, -0.344562, 0.344551, 0.080517, 3.036604, 3.036463, -0.353000, 0.160934, 0.353000, 0.160934, 1.178097, 0.481017
131, -0.344268, 0.344260, 0.080704, 3.033182, 3.033086, -0.353000, 0.161654, 0.353000, 0.161654, 1.178097, 0.489047
132, -0.343649, 0.343645, 0.081098, 3.026024, 3.025983, -0.353000, 0.162752, 0.353000, 0.162752, 1.178097, 0.486531
133, -0.342701, 0.342700, 0.081702, 3.015204, 3.015193, -0.353000, 0.164225, 0.353000, 0.164225, 1.178097, 0.469828
134, -0.341420, 0.341420, 0.082521, 3.000803, 3.000802, -0.353000, 0.166068, 0.353000, 0.166068, 1.178097, 0.527583
135, -0.339798, 0.339798, 0.083559, 2.982933, 2.982932, -0.353000, 0.168277, 0.353000, 0.168277, 1.178097, 0.491273
136, -0.337826, 0.337826, 0.084823, 2.961735, 2.961735, -0.353000, 0.170846, 0.353000, 0.170846, 1.178097, 0.478209
137, -0.335495, 0.335495, 0.086320, 2.937384, 2.937384, -0.353000, 0.173765, 0.353000, 0.173765, 1.178097, 0.520973
138, -0.332795, 0.332795, 0.088057, 2.910080, 2.910080, -0.353000, 0.177027, 0.353000, 0.177027, 1.178097, 0.502027
139, -0.329717, 0.329717, 0.090044, 2.880045, 2.880045, -0.353000, 0.180619, 0.353000, 0.180619, 1.178097, 0.453511
140, -0.326249, 0.326249, 0.092291, 2.847521, 2.847521, -0.353000, 0.184531, 0.353000, 0.184531, 1.178097, 0.479144
141, -0.322384, 0.322384, 0.094805, 2.812764, 2.812764, -0.353000, 0.188747, 0.353000, 0.188747, 1.178097, 0.494167
142, -0.318113, 0.318113, 0.097598, 2.776045, 2.776045, -0.353000, 0.193253, 0.353000, 0.193253, 1.178097, 0.510348
143, -0.313428, 0.313428, 0.100678, 2.737640, 2.737640, -0.353000, 0.198032, 0.353000, 0.198032, 1.178097, 0.496875
144, -0.308325, 0.308325, 0.104055, 2.697834, 2.697834, -0.353000, 0.203064, 0.353000, 0.203064, 1.178097, 0.495640
145, -0.302803, 0.302803, 0.107736, 2.656910, 2.656910, -0.353000, 0.208330, 0.353000, 0.208330, 1.178097, 0.490042
146, -0.296861, 0.296861, 0.111729, 2.615152, 2.615152, -0.353000, 0.213806, 0.353000, 0.213806, 1.178097, 0.516581
147, -0.290504, 0.290504, 0.116037, 2.572838, 2.572838, -0.353000, 0.219471, 0.353000, 0.219471, 1.178097, 0.522596
148, -0.283742, 0.283742, 0.120663, 2.530240, 2.530240, -0.353000, 0.225297, 0.353000, 0.225297, 1.178097, 0.489694
149, -0.276588, 0.276588, 0.125606, 2.487617, 2.487617, -0.353000, 0.231258, 0.353000, 0.231258, 1.178097, 0.527192
150, -0.269059, 0.269059, 0.130863, 2.445221, 2.445221, -0.353000, 0.237325, 0.353000, 0.237325, 1.178097, 0.537413
151, -0.261181, 0.261181, 0.136425, 2.403286, 2.403286, -0.353000, 0.243469, 0.353000, 0.243469, 1.178097, 0.530655
152, -0.252984, 0.252984, 0.142278, 2.362034, 2.362034, -0.353000, 0.249658, 0.353000, 0.249658, 1.178097, 0.513739
153, -0.244502, 0.244502, 0.148405, 2.321668, 2.321668, -0.353000, 0.255858, 0.353000, 0.255858, 1.178097, 0.532905
154, -0.235780, 0.235780, 0.154781, 2.282378, 2.282378, -0.353000, 0.262037, 0.353000, 0.262037, 1.178097, 0.478379
155, -0.226865, 0.226865, 0.161377, 2.244336, 2.244336, -0.353000, 0.268158, 0.353000, 0.268158, 1.178097, 0.522587
156, -0.217813, 0.217813, 0.168155, 2.207698, 2.207698, -0.353000, 0.274187, 0.353000, 0.274187, 1.178097, 0.488369
157, -0.208685, 0.208685, 0.175073, 2.172603, 2.172603, -0.353000, 0.280087, 0.353000, 0.280087, 1.178097, 0.525354
158, -0.199548, 0.199548, 0.182080, 2.139176, 2.139176, -0.353000, 0.285822, 0.353000, 0.285822, 1.178097, 0.508989
159, -0.190473, 0.190473, 0.189120, 2.107528, 2.107528, -0.353000, 0.291356, 0.353000, 0.291356, 1.178097, 0.497681
160, -0.181538, 0.181538, 0.196130, 2.077755, 2.077755, -0.353000, 0.296651, 0.353000, 0.296651, 1.178097, 0.503766
161, -0.172821, 0.172821, 0.203043, 2.049942, 2.049942, -0.353000, 0.301672, 0.353000, 0.301672, 1.178097, 0.491860
162, -0.164406, 0.164406, 0.209787, 2.024162, 2.024162, -0.353000, 0.306384, 0.353000, 0.306384, 1.178097, 0.537568
163, -0.156376, 0.156376, 0.216284, 2.000479, 2.000479, -0.353000, 0.310755, 0.353000, 0.310755, 1.178097, 0.532303
164, -0.148816, 0.148816, 0.222458, 1.978949, 1.978949, -0.353000, 0.314750, 0.353000, 0.314750, 1.178097, 0.490491
165, -0.141807, 0.141807, 0.228229, 1.959619, 1.959619, -0.353000, 0.318341, 0.353000, 0.318341, 1.178097, 0.515650
166, -0.135430, 0.135430, 0.233520, 1.942529, 1.942529, -0.353000, 0.321499, 0.353000, 0.321499, 1.178097, 0.522849
167, -0.129760, 0.129760, 0.238256, 1.927715, 1.927715, -0.353000, 0.324199, 0.353000, 0.324199, 1.178097, 0.500600
168, -0.124867, 0.124867, 0.242366, 1.915209, 1.915209, -0.353000, 0.326418, 0.353000, 0.326418, 1.178097, 0.483843
169, -0.120815, 0.120815, 0.245787, 1.905038, 1.905038, -0.353000, 0.328137, 0.353000, 0.328137, 1.178097, 0.492838
170, -0.117657, 0.117657, 0.248463, 1.897227, 1.897227, -0.353000, 0.329338, 0.353000, 0.329338, 1.178097, 0.548658
171, -0.115439, 0.115439, 0.250349, 1.891799, 1.891799, -0.353000, 0.330010, 0.353000, 0.330010, 1.178097, 0.504055
172, -0.114195, 0.114195, 0.251408, 1.888775, 1.888775, -0.353000, 0.330144, 0.353000, 0.330144, 1.178097, 0.536461
173, -0.113946, 0.113946, 0.251620, 1.888173, 1.888173, -0.353000, 0.329735, 0.353000, 0.329735, 1.178097, 0.546761
174, -0.114705, 0.114705, 0.250974, 1.890012, 1.890012, -0.353000, 0.328782, 0.353000, 0.328782, 1.178097, 0.522988
175, -0.116467, 0.116467, 0.249474, 1.894309, 1.894309, -0.353000, 0.327287, 0.353000, 0.327287, 1.178097, 0.515691
176, -0.119220, 0.119220, 0.247138, 1.901081, 1.901081, -0.353000, 0.325259, 0.353000, 0.325259, 1.178097, 0.519538
177, -0.122936, 0.122936, 0.243994, 1.910342, 1.910342, -0.353000, 0.322707, 0.353000, 0.322707, 1.178097, 0.553800
178, -0.127577, 0.127577, 0.240087, 1.922105, 1.922105, -0.353000, 0.319647, 0.353000, 0.319647, 1.178097, 0.513015
179, -0.133093, 0.133093, 0.235468, 1.936381, 1.936381, -0.353000, 0.316097, 0.353000, 0.316097, 1.178097, 0.506336
180, -0.139424, 0.139424, 0.230201, 1.953179, 1.953179, -0.353000, 0.312079, 0.353000, 0.312079, 1.178097, 0.505919
181, -0.146502, 0.146502, 0.224358, 1.972503, 1.972503, -0.353000, 0.307620, 0.353000, 0.307620, 1.178097, 0.518984
182, -0.154251, 0.154251, 0.218015, 1.994353, 1.994353, -0.353000, 0.302746, 0.353000, 0.302746, 1.178097, 0.495103
183, -0.162588, 0.162588, 0.211253, 2.018722, 2.018722, -0.353000, 0.297489, 0.353000, 0.297489, 1.178097, 0.535442
184, -0.171426, 0.171426, 0.204157, 2.045597, 2.045597, -0.353000, 0.291883, 0.353000, 0.291883, 1.178097, 0.502677
185, -0.180677, 0.180677, 0.196810, 2.074956, 2.074956, -0.353000, 0.285962, 0.353000, 0.285962, 1.178097, 0.515446
186, -0.190250, 0.190250, 0.189294, 2.106766, 2.106766, -0.353000, 0.279764, 0.353000, 0.279764, 1.178097, 0.516759
187, -0.200053, 0.200053, 0.181690, 2.140984, 2.140984, -0.353000, 0.273327, 0.353000, 0.273327, 1.178097, 0.532003
188, -0.210000, 0.210000, 0.174071, 2.177549, 2.177549, -0.353000, 0.266691, 0.353000, 0.266691, 1.178097, 0.483131
189, -0.220003, 0.220003, 0.166508, 2.216388, 2.216388, -0.353000, 0.259894, 0.353000, 0.259894, 1.178097, 0.484696
190, -0.229982, 0.229982, 0.159062, 2.257406, 2.257406, -0.353000, 0.252977, 0.353000, 0.252977, 1.178097, 0.519474
191, -0.239860, 0.239860, 0.151788, 2.300493, 2.300493, -0.353000, 0.245980, 0.353000, 0.245980, 1.178097, 0.508507
192, -0.249569, 0.249569, 0.144736, 2.345513, 2.345513, -0.353000, 0.238943, 0.353000, 0.238943, 1.178097, 0.517578
193, -0.259045, 0.259045, 0.137944, 2.392309, 2.392309, -0.353000, 0.231904, 0.353000, 0.231904, 1.178097, 0.483151
194, -0.268231, 0.268231, 0.131445, 2.440699, 2.440699, -0.353000, 0.224901, 0.353000, 0.224901, 1.178097, 0.494687
195, -0.277080, 0.277080, 0.125265, 2.490475, 2.490475, -0.353000, 0.217971, 0.353000, 0.217971, 1.178097, 0.495113
196, -0.285551, 0.285551, 0.119421, 2.541404, 2.541404, -0.353000, 0.211149, 0.353000, 0.211149, 1.178097, 0.400245
197, -0.293611, 0.293611, 0.113927, 2.593226, 2.593226, -0.353000, 0.204470, 0.353000, 0.204470, 1.178097, 0.384862
198, -0.301232, 0.301232, 0.108788, 2.645656, 2.645656, -0.353000, 0.197965, 0.353000, 0.197965, 1.178097, 0.397035
199, -0.308398, 0.308398, 0.104007, 2.698385, 2.698385, -0.353000, 0.191665, 0.353000, 0.191665, 1.178097, 0.386790
200, -0.315093, 0.315093, 0.099581, 2.751081, 2.751081, -0.353000, 0.185598, 0.353000, 0.185598, 1.178097, 0.398635
201, -0.321313, 0.321313, 0.095504, 2.803394, 2.803394, -0.353000, 0.179792, 0.353000, 0.179792, 1.178097, 0.422563
202, -0.327054, 0.327054, 0.091768, 2.854955, 2.854955, -0.353000, 0.174271, 0.353000, 0.174271, 1.178097, 0.406357
203, -0.332322, 0.332322, 0.088363, 2.905384, 2.905384, -0.353000, 0.169059, 0.353000, 0.169059, 1.178097, 0.387871
204, -0.337121, 0.337121, 0.085275, 2.954291, 2.954291, -0.353000, 0.164175, 0.353000, 0.164175, 1.178097, 0.402649
205, -0.341464, 0.341463, 0.082493, 3.001286, 3.001284, -0.353000, 0.159641, 0.353000, 0.159641, 1.178097, 0.380437
206, -0.345380, 0.345348, 0.080002, 3.046199, 3.045802, -0.353000, 0.155472, 0.353000, 0.155472, 1.178097, 0.394847
207, -0.349593, 0.348169, 0.077773, 3.097682, 3.079517, -0.353000, 0.151684, 0.353000, 0.151684, 1.178097, 0.411809
208, -0.358806, 0.344738, 0.075953, 3.217896, 3.032827, -0.353000, 0.148292, 0.353000, 0.148292, 1.178097, 0.419408
209, -0.371202, 0.334439, 0.075263, 3.385794, 2.892499, -0.353000, 0.145307, 0.353000, 0.145307, 1.178097, 0.394807
210, -0.379965, 0.325984, 0.075155, 3.508546, 2.773919, -0.353000, 0.142733, 0.353000, 0.142733, 1.178097, 0.403729
211, -0.385821, 0.320169, 0.075140, 3.593626, 2.689420, -0.353000, 0.140572, 0.353000, 0.140572, 1.178097, 0.376509
212, -0.389933, 0.316065, 0.075138, 3.655446, 2.627703, -0.353000, 0.138822, 0.353000, 0.138822, 1.178097, 0.382777
213, -0.392872, 0.313127, 0.075137, 3.700973, 2.582200, -0.353000, 0.137484, 0.353000, 0.137484, 1.178097, 0.387435
214, -0.394933, 0.311067, 0.075137, 3.733669, 2.549510, -0.353000, 0.136558, 0.353000, 0.136558, 1.178097, 0.418016
215, -0.396277, 0.309723, 0.075137, 3.755396, 2.527786, -0.353000, 0.136044, 0.353000, 0.136044, 1.178097, 0.438371
216, -0.396997, 0.309002, 0.075137, 3.767169, 2.516014, -0.353000, 0.135943, 0.353000, 0.135943, 1.178097, 0.380286
217, -0.397138, 0.308862, 0.075137, 3.769479, 2.513704, -0.353000, 0.136253, 0.353000, 0.136253, 1.178097, 0.383248
218, -0.396707, 0.309292, 0.075137, 3.762417, 2.520766, -0.353000, 0.136975, 0.353000, 0.136975, 1.178097, 0.376638
219, -0.395680, 0.310320, 0.075137, 3.745699, 2.537483, -0.353000, 0.138109, 0.353000, 0.138109, 1.178097, 0.382358
220, -0.393988, 0.312011, 0.075137, 3.718593, 2.564585, -0.353000, 0.139655, 0.353000, 0.139655, 1.178097, 0.398984
221, -0.391510, 0.314489, 0.075137, 3.679713, 2.603452, -0.353000, 0.141614, 0.353000, 0.141614, 1.178097, 0.381492
222, -0.388026, 0.317969, 0.075138, 3.626530, 2.656587, -0.353000, 0.143984, 0.353000, 0.143984, 1.178097, 0.372896
223, -0.383131, 0.322847, 0.075145, 3.554168, 2.728710, -0.353000, 0.146766, 0.353000, 0.146766, 1.178097, 0.403073
224, -0.375997, 0.329870, 0.075185, 3.452421, 2.828916, -0.353000, 0.149960, 0.353000, 0.149960, 1.178097, 0.401463
225, -0.365214, 0.339791, 0.075477, 3.303992, 2.965848, -0.353000, 0.153566, 0.353000, 0.153566, 1.178097, 0.395343
226, -0.353125, 0.347795, 0.076783, 3.143038, 3.073931, -0.353000, 0.157582, 0.353000, 0.157582, 1.178097, 0.373480
227, -0.347222, 0.346981, 0.078897, 3.068270, 3.065252, -0.353000, 0.162000, 0.353000, 0.162000, 1.178097, 0.370491
228, -0.343351, 0.343349, 0.081287, 3.022614, 3.022587, -0.353000, 0.166806, 0.353000, 0.166806, 1.178097, 0.370646
229, -0.339143, 0.339143, 0.083978, 2.975829, 2.975829, -0.353000, 0.171985, 0.353000, 0.171985, 1.178097, 0.379540
230, -0.334447, 0.334447, 0.086993, 2.926676, 2.926676, -0.353000, 0.177521, 0.353000, 0.177521, 1.178097, 0.403636
231, -0.329244, 0.329244, 0.090350, 2.875530, 2.875530, -0.353000, 0.183395, 0.353000, 0.183395, 1.178097, 0.372835
232, -0.323516, 0.323516, 0.094068, 2.822784, 2.822784, -0.353000, 0.189586, 0.353000, 0.189586, 1.178097, 0.385289
233, -0.317250, 0.317250, 0.098164, 2.768830, 2.768830, -0.353000, 0.196071, 0.353000, 0.196071, 1.178097, 0.391994
234, -0.310436, 0.310436, 0.102656, 2.714054, 2.714054, -0.353000, 0.202825, 0.353000, 0.202825, 1.178097, 0.392065
235, -0.303068, 0.303068, 0.107559, 2.658831, 2.658831, -0.353000, 0.209821, 0.353000, 0.209821, 1.178097, 0.417603
236, -0.295148, 0.295148, 0.112886, 2.603520, 2.603520, -0.353000, 0.217029, 0.353000, 0.217029, 1.178097, 0.417877
237, -0.286681, 0.286681, 0.118647, 2.548461, 2.548461, -0.353000, 0.224417, 0.353000, 0.224417, 1.178097, 0.400281
238, -0.277681, 0.277681, 0.124848, 2.493976, 2.493976, -0.353000, 0.231953, 0.353000, 0.231953, 1.178097, 0.413111
239, -0.268169, 0.268169, 0.131489, 2.440359, 2.440359, -0.353000, 0.239599, 0.353000, 0.239599, 1.178097, 0.394006
240, -0.258174, 0.258174, 0.138564, 2.387884, 2.387884, -0.353000, 0.247317, 0.353000, 0.247317, 1.178097, 0.413059
241, -0.247736, 0.247736, 0.146060, 2.336797, 2.336797, -0.353000, 0.255069, 0.353000, 0.255069, 1.178097, 0.431032
242, -0.236903, 0.236903, 0.153956, 2.287319, 2.287319, -0.353000, 0.262811, 0.353000, 0.262811, 1.178097, 0.429939
243, -0.225732, 0.225732, 0.162221, 2.239645, 2.239645, -0.353000, 0.270501, 0.353000, 0.270501, 1.178097, 0.412130
244, -0.214291, 0.214291, 0.170814, 2.193947, 2.193947, -0.353000, 0.278094, 0.353000, 0.278094, 1.178097, 0.412570
245, -0.202658, 0.202658, 0.179685, 2.150372, 2.150372, -0.353000, 0.285544, 0.353000, 0.285544, 1.178097, 0.413446
246, -0.190919, 0.190919, 0.188772, 2.109048, 2.109048, -0.353000, 0.292804, 0.353000, 0.292804, 1.178097, 0.427580
247, -0.179169, 0.179169, 0.198002, 2.070080, 2.070080, -0.353000, 0.299829, 0.353000, 0.299829, 1.178097, 0.405468
248, -0.167513, 0.167513, 0.207290, 2.033560, 2.033560, -0.353000, 0.306570, 0.353000, 0.306570, 1.178097, 0.398803
249, -0.156058, 0.156058, 0.216543, 1.999559, 1.999559, -0.353000, 0.312981, 0.353000, 0.312981, 1.178097, 0.422361
250, -0.144922, 0.144922, 0.225658, 1.968139, 1.968139, -0.353000, 0.319016, 0.353000, 0.319016, 1.178097, 0.375748
